Điện Thoại Vsmart Bee 3 - Hàng Chính Hãng,Vsmart,1290000,50024767
Điện thoại Xiaomi Redmi 8 64GB Ram 4GB - Hàng chính hãng,Xiaomi,2740000,39751299
Điện Thoại Samsung Galaxy Note 10 Lite (128GB/8GB) - Hàng Chính Hãng - Đã Kích Hoạt Bảo Hành Điện Tử,Samsung,9990000,48290408
Điện Thoại iPhone 11 Pro Max 64GB - Hàng Chính Hãng,Apple,28990000,32028822
Điện Thoại Vsmart  Bee (1GB/16GB) - Hàng Chính Hãng,Vsmart,770000,26021642
Điện Thoại Vsmart Star 3 (2GB/16GB) - Hàng Chính Hãng,Vsmart,1430000,48654406
Điện Thoại Vsmart Star - Hàng chính hãng,Vsmart,1070000,31322859
Điện Thoại Vsmart Joy 2+ (Hàng Chính Hãng),Vsmart,1850000,32453719
Điện Thoại Realme 3 Pro (128GB/6GB)- Hàng Chính Hãng,Realme,3750000,20319214
Máy đọc sách Kindle PaperWhite Gen 4 (10th) - Bản 8GB 2019 - Hàng chính hãng,Kindle,2400000,6597807
iPad 10.2 Inch WiFi 32GB New 2019 - Hàng Nhập Khẩu Chính Hãng,Apple,8690000,32648365
Điện Thoại Samsung Galaxy A51 (128GB/6GB) - Hàng Chính Hãng - Đã Kích Hoạt Bảo Hành Điện Tử,Samsung,5990000,45695395
Điện Thoại Xiaomi Redmi 8A (2GB/32GB) - Hàng Chính Hãng,Xiaomi,1980000,35770986
Điện Thoại Vsmart Active 3 (6GB/64GB) - Hàng Chính Hãng,Vsmart,3450000,46753117
Điện Thoại Samsung Galaxy A01 (16GB/2GB) - Hàng Chính Hãng - Đã Kích Hoạt Bảo Hành Điện Tử,Samsung,1810000,48309215
Điện Thoại Samsung Galaxy A51 (128GB/6GB) - Hàng Chính Hãng,Samsung,7590000,45339109
Điện Thoại Samsung Galaxy M30s (64GB/4GB) - Hàng Chính Hãng,Samsung,4790000,33136984
Điện Thoại Samsung Galaxy S20 Plus - Hàng Chính Hãng - Đã Kích Hoạt Bảo Hành Điện Tử,Samsung,16480000,50300535
Điện Thoại Nokia 2.2 (16GB/2GB) - Hàng Chính Hãng,Nokia,1450000,20913598
Điện Thoại Xiaomi Redmi Note 8 - Hàng Chính Hãng,Xiaomi,3390000,35773440
Máy Đọc Sách Kindle Paperwhite Gen 10 - 2019 - Hàng Nhập Khẩu,Kindle,2450000,40639597
Điện Thoại Xiaomi Mi 9 Lite (Mi CC9 Global Version) (6GB / 64GB) - Hàng Chính Hãng,Xiaomi,4590000,34928767
ĐIỆN THOẠI XIAOMI REDMI NOTE 9S - HÀNG CHÍNH HÃNG,Xiaomi,4790000,51553387
Điện Thoại Vsmart Joy 3 - Hàng chính hãng,Vsmart,3290000,48524359
Điện thoại Xiaomi Redmi Note 9S + Tai nghe True Wireless Xiaomi Redmi Airdots - Hàng Chính Hãng,Xiaomi,5290000,52189211
Điện thoại Vsmart Live (64GB/6GB) - Hàng chính hãng,Vsmart,3990000,27927726
Điện Thoại iPhone 11 64GB  - Hàng  Chính Hãng,Apple,19990000,32033717
Điện Thoại Samsung Galaxy M11 (32GB/3GB) - Hàng Chính Hãng,Samsung,3290000,52717588
iPad 10.2 Inch WiFi 128GB New 2019 - Hàng Nhập Khẩu Chính Hãng,Apple,10690000,32648385
Điện thoại Smartphone Masstel X6 - Hàng Chính Hãng,Masstel,1049000,9984235
Điện Thoại Samsung Galaxy A01 (16GB/2GB) - Hàng Chính Hãng,Samsung,2250000,48307567
Máy Đọc Sách All New Kindle 2019 (10th) – Hàng Chính Hãng,Kindle,2190000,14507169
iPad Mini 5 Wi-Fi 64GB -  Hàng Nhập Khẩu Chính Hãng,Apple,10499000,12389305
Điện Thoại Xiaomi Redmi 7A (2GB/16GB) - Hàng Chính Hãng,Xiaomi,1990000,23590831
iPad Air 10.5 Wi-Fi 64GB New 2019 - Nhập Khẩu Chính Hãng,Apple,12890000,12417547
Điện Thoại Samsung Galaxy A20s (32GB/3GB) - Hàng Chính Hãng - Đã Kích Hoạt Bảo Hành Điện Tử,Samsung,3690000,39696803
Điện Thoại OPPO A5s - Hàng Chính Hãng,OPPO,2990000,15674844
Điện Thoại iPhone 11 128GB  - Hàng Chính Hãng,Apple,21990000,32033730
iPad Pro 11 inch (2018) 64GB Wifi - Hàng Nhập Khẩu Chính Hãng,Apple,19490000,6878263
Điện Thoại Nokia 105 Dual Sim (2019) - Hàng Chính Hãng,Nokia,350000,25730627
Điện Thoại Oppo A1K - Hàng Chính Hãng,OPPO,2290000,17510352
Điện Thoại Realme 5i - Hàng Chính Hãng,Realme,3390000,48611779
Điện Thoại Nokia 105 Single Sim (2019) - Hàng Chính Hãng,Nokia,335000,34942696
Điện Thoại OPPO A9 2020 (128G/8GB) - Hàng Chính Hãng,OPPO,4950000,31276832
iPad Pro 11 inch (2020) Wifi - Hàng Nhập Khẩu Chính Hãng,Apple,22990000,51428406
Điện Thoại Samsung Galaxy A50s (64GB/4GB) - Hàng Chính Hãng - Đã Kích Hoạt Bảo Hành Điện Tử,Samsung,4699000,32243658
Máy Tính Bảng Kindle Fire HD8 (8th) 16GB (2019) - Hàng Chính Hãng,Kindle,1729000,7184855
Điện thoại Vivo Y11 - Hàng chính hãng,Vivo,2590000,37694867
