Máy Vắt Cam Lock&Lock EJJ231 (700ml) - Hàng chính hãng,Lock&Lock,329000,10908328
Bàn Ủi Hơi Nước Đứng Philips GC558 - Trắng Tím - Hàng Chính Hãng,Philips,3349000,1938143
Quạt Đứng Mitsubishi LV16-GV CY-GY (Xám Đậm) - Hàng chính hãng,Mitsubishi,1439000,7421839
Máy Ép Chậm Panasonic PAVH-MJ-L500SRA-Hàng Chính Hãng,Panasonic,4799000,465036
Máy Đánh Trứng Cầm Tay 7 Tốc Độ Công Suất 180W,OEM,162000,52049251
Máy Đánh Trứng Lock&Lock Hand Mixer EJM501BLK (300W) - Hàng chính hãng,Lock&Lock,749000,2100671
Nồi Chiên Không Dầu Điện Tử Lock&Lock ECF-300B (3 lít) - Hàng Chính Hãng,Lock&Lock,2393000,688910
Máy lọc không khí đeo cổ tạo ION Airvida M1 - Hồng Soft,ible,4900000,53409678
Máy Xay Sinh Tố Cầm Tay Lock&Lock EJJ321 (50W - 300ml) - Hàng Chính Hãng,Lock&Lock,1390000,48025253
Nồi Chiên Không Dầu Perfect GLA 609 (4L) - Hàng chính hãng,Perfect,1999000,971798
Máy đánh trứng tạo bọt cafe mini,OEM,29000,19645264
Máy Xay Thịt Xay Đa Năng Masuto Công nghệ Nhật Bản (Tặng Bộ 5 Hộp Inox Bảo Quản Thực Phẩm Cao Cấp) - Hàng chính hãng,Masuto,474000,43127998
Nồi Chiên Không Dầu Điện Tử Joyoung KL35-D981 (3.5L) - Hàng Chính Hãng,Joyoung,1999000,19842823
Nồi Chiên Không Dầu Lock&Lock EJF276 (3.0 Lít) - Hàng Chính Hãng,Lock&Lock,3900000,24644149
Nồi Chiên Không Dầu Lock&Lock EJF376BLK (4L) - Đen - Hàng chính hãng,Lock&Lock,2399000,8309510
Máy Lọc Không Khí 5 Lớp Lọc - Ebraco EP 60 - Lọc Mùi Và Bụi Mịn 2.5 PM - Không,Ebraco,8550000,43811300
Nồi Chiên Không Dầu Philips HD9220/20 - Hàng chính hãng,Philips,3479000,406414
Quạt Sạc Comet CRF0705 (5W) - Hàng chính hãng,Comet,259000,13448092
Máy Làm Sữa Chua Lock&Lock EJY110SLV (1000ml) - Hàng chính hãng,Lock&Lock,399000,4534531
Máy Lọc Không Khí 95m2 - Ebraco EP 90 - Lọc Mùi- Phấn Hoa-Bụi Mịn 2.5 PM - Hàng Chính Hãng,Ebraco,12550000,43821595
Lò Nướng Điện Sunhouse SHD4206 (10L) - Hàng chính hãng,Sunhouse,409000,6772415
Nồi Chiên Không Dầu Lock& Lock ECF-301R (3.2L) - Đen - Hàng chính hãng,Lock&Lock,2099000,794567
Ấm Điện Thủy Tinh Siêu Tốc Có Điều Chỉnh Nhiệt Độ Lock&Lock EJK341 (1.8L) - Hàng chính hãng,Lock&Lock,649000,4701559
Lò Vi Sóng Có Nướng Sharp R-G227VN-M - 20L - Hàng chính hãng,Sharp,1439000,456057
Lò Nướng Sanaky VH-3599S2D (35L) - Hàng chính hãng,Sanaky,1399000,847169
Lò Nướng Điện Lock&Lock EJO121 (9.0 Lít) - Hàng Chính Hãng,Lock&Lock,2050000,32798952
Máy Đánh Trứng Philips HR3705 (300W) - Hàng Chính Hãng,Philips,777000,4754633
Máy làm sữa chua 16 cốc thủy tinh Siam tự động an toàn vệ sinh đơn giản tại nhà.,OEM,148000,49591903
Quạt đứng Nagakawa NAG1001 (55W) - Hàng chính hãng,Nagakawa,619000,4011505
Vỉ Nướng Điện Lock&Lock EJG221 (1300W),Lock&Lock,899000,923595
Quạt Mini Thiết Kế Nhỏ Gọn - Thông Minh- Quạt Cầm Tay 4 Cánh Pin Sạc Có Đế Để Bàn Cực Mát Sử Dụng Cổng Sạc USB,OEM,68000,20463934
Máy Xay Sinh Tố Philips HR2115 (600W) - Hàng Chính Hãng,Philips,989000,375213
Ấm Siêu Tốc Nagakawa NAG0308 (1.8 Lít) - Hàng Chính Hãng,Nagakawa,129000,31252905
Máy Xay Thịt 2 Lưỡi Dao Kép Lock&Lock EJM171 (2L) - Hàng Chính Hãng,Lock&Lock,744000,10597625
Combo 3 lõi lọc nước Karofi 1-2-3 chính hãng,Karofi,115000,9483224
Máy Làm Bánh 3 Trong 1 Tiross TS513 - Hàng Chính Hãng,Tiross,649000,403438
Máy đánh trứng cầm tay 7 tốc độ 180W,OEM,134890,51390281
Bếp Nướng Điện Sunhouse SHD4607 (1500W) - Hàng chính hãng,Sunhouse,339000,1460199
Bàn Ủi Hơi Nước Sunhouse SHD2063P (1600W) – Hàng Chính Hãng KM,Sunhouse,650000,51561353
Máy Đánh Trứng Cầm Tay Nhỏ Gọn,OEM,38000,26296057
Máy Hút Bụi Cầm Tay Không Dây R6053,OEM,420000,19577942
Lò Vi Sóng Điện Tử Có Nướng Sharp R-G272VN-S - Hàng chính hãng,Sharp,1479000,404237
Nồi Lẩu Điện Sunhouse KM Birthday Tiki SHD4521 (3L) - Hàng chính hãng,Sunhouse,549000,52859523
Nồi Cơm Điện Tử Toshiba RC-18NMFVN(WT) (1.8L) - Trắng - Hàng chính hãng,Toshiba,2099000,634778
Nồi Điện Đa Năng Lock&Lock EJC141 (1.5 Lít) - Hàng Chính Hãng,Lock&Lock,1135000,27577963
Vỉ Nướng Điện Lock&Lock EJG211BLK (1800W) - Hàng chính hãng,Lock&Lock,719000,912416
Máy xay sinh tố đa năng Happy Time HTD5113G - Hàng Chính Hãng KM,Sunhouse,700000,51559865
Máy Hút Bụi Mini Cầm Tay DEERMA DX128C - Xanh Mint,Deerma,471000,2957057
Máy Tạo Bọt Sữa Cầm Tay Đa Năng Sử Dụng Điện Sạc USB,OEM,161000,52398328
Bếp Điện Từ Sunhouse SHD6800 - Tặng Kèm Nồi Lẩu - Hàng chính hãng,Sunhouse,659000,549646
Máy xay sinh tố cầm tay tiện lợi 500ml MeetJuice - 2019,OEM,328000,20263255
Máy Xay Thịt Lock&Lock EJM161BLK (350W)  - Hàng chính hãng,Lock&Lock,709000,781817
